{
  "exp1_core": {
    "entropies": [
      0.5,
      0.75,
      1.0,
      1.25,
      1.5,
      1.75,
      2.0,
      2.25
    ],
    "gains": {
      "0.5": [
        0.644,
        0.654,
        0.702,
        0.614,
        0.648
      ],
      "0.75": [
        0.554,
        0.61,
        0.628,
        0.568,
        0.54
      ],
      "1.0": [
        0.516,
        0.544,
        0.55,
        0.51,
        0.498
      ],
      "1.25": [
        0.45199999999999996,
        0.484,
        0.49,
        0.482,
        0.482
      ],
      "1.5": [
        0.41800000000000004,
        0.40800000000000003,
        0.43399999999999994,
        0.378,
        0.42800000000000005
      ],
      "1.75": [
        0.362,
        0.318,
        0.368,
        0.294,
        0.348
      ],
      "2.0": [
        0.242,
        0.118,
        0.27,
        0.12,
        0.262
      ],
      "2.25": [
        0.048000000000000015,
        0.07200000000000001,
        0.05399999999999999,
        0.048000000000000015,
        0.057999999999999996
      ]
    },
    "fit": {
      "slope": -0.318304761904762,
      "intercept": 0.8431190476190478,
      "R2": 0.9263372015635465,
      "p": 4.005562619088376e-23,
      "spearman_rho": -0.9897241652485548,
      "spearman_p": 1.0352389618362125e-33
    }
  },
  "exp2_shuffle": {
    "0.5": {
      "clean": [
        0.752,
        0.752,
        0.82,
        0.736,
        0.74
      ],
      "shuffled": [
        0.56,
        0.552,
        0.504,
        0.556,
        0.56
      ]
    },
    "1.0": {
      "clean": [
        0.652,
        0.648,
        0.648,
        0.616,
        0.604
      ],
      "shuffled": [
        0.384,
        0.376,
        0.376,
        0.36,
        0.336
      ]
    },
    "1.5": {
      "clean": [
        0.556,
        0.532,
        0.548,
        0.504,
        0.536
      ],
      "shuffled": [
        0.232,
        0.252,
        0.224,
        0.28,
        0.252
      ]
    },
    "2.0": {
      "clean": [
        0.384,
        0.264,
        0.388,
        0.268,
        0.388
      ],
      "shuffled": [
        0.16,
        0.228,
        0.172,
        0.252,
        0.208
      ]
    }
  },
  "exp3_size": {
    "32": {
      "0.5": [
        0.51,
        0.49,
        0.515
      ],
      "1.0": [
        0.255,
        0.275,
        0.285
      ],
      "1.5": [
        0.14,
        0.18,
        0.175
      ],
      "2.0": [
        0.10999999999999999,
        0.12,
        0.11499999999999999
      ]
    },
    "64": {
      "0.5": [
        0.644,
        0.654,
        0.702
      ],
      "1.0": [
        0.516,
        0.544,
        0.55
      ],
      "1.5": [
        0.41800000000000004,
        0.40800000000000003,
        0.43399999999999994
      ],
      "2.0": [
        0.242,
        0.118,
        0.27
      ]
    },
    "128": {
      "0.5": [
        0.67,
        0.65,
        0.66
      ],
      "1.0": [
        0.485,
        0.51,
        0.48
      ],
      "1.5": [
        0.37,
        0.405,
        0.36
      ],
      "2.0": [
        0.26999999999999996,
        0.26,
        0.255
      ]
    }
  },
  "exp4_gradient": {
    "0.5": [
      {
        "0": 4.522882743676504,
        "1": 1.6834366685814328,
        "2": 1.065067434310913,
        "3": 0.8146425204144584
      },
      {
        "0": 4.061871294180552,
        "1": 1.7048951148986817,
        "2": 0.9911681069268121,
        "3": 0.7859388464026981
      },
      {
        "0": 2.304002579715517,
        "1": 1.0050449132919312,
        "2": 0.7230626818206575,
        "3": 0.6234622995058695
      },
      {
        "0": 3.964498273531596,
        "1": 1.7145733522044289,
        "2": 1.089296544260449,
        "3": 0.8236733025974697
      },
      {
        "0": 3.858095015419854,
        "1": 1.7947926554414961,
        "2": 1.1507983764012655,
        "3": 0.8451519479354223
      }
    ],
    "1.0": [
      {
        "0": 2.4401708020104302,
        "1": 0.935012928975953,
        "2": 0.6380689468648698,
        "3": 0.5677452292707231
      },
      {
        "0": 1.9801512764559852,
        "1": 0.7831206397877799,
        "2": 0.5383079750670328,
        "3": 0.5186053269439274
      },
      {
        "0": 1.5820305585861205,
        "1": 0.5810613079203499,
        "2": 0.46134166088369155,
        "3": 0.42966158588727316
      },
      {
        "0": 2.8843953251838683,
        "1": 1.062924337387085,
        "2": 0.6877657704883151,
        "3": 0.5922846469614241
      },
      {
        "0": 3.0653882126013436,
        "1": 1.3567683868938023,
        "2": 0.9005737586153878,
        "3": 0.701589314142863
      }
    ],
    "1.5": [
      {
        "0": 1.4436058289474911,
        "1": 0.6435399976041581,
        "2": 0.4629233893420961,
        "3": 0.44255769617027707
      },
      {
        "0": 1.614782189660602,
        "1": 0.6343203521437115,
        "2": 0.4488213903374142,
        "3": 0.4313805616564221
      },
      {
        "0": 1.4721861475043827,
        "1": 0.5392366945743561,
        "2": 0.4219453708993064,
        "3": 0.3975306769212087
      },
      {
        "0": 2.7888434449831645,
        "1": 0.9269443300035265,
        "2": 0.6210064818461736,
        "3": 0.5674478431542714
      },
      {
        "0": 1.7164061725139619,
        "1": 0.6745232986079321,
        "2": 0.4734479222032759,
        "3": 0.44796226256423527
      }
    ],
    "2.0": [
      {
        "0": 2.2573905679914685,
        "1": 0.7818313241004944,
        "2": 0.5245438065793779,
        "3": 0.4700671937730577
      },
      {
        "0": 1.2015298717551761,
        "1": 0.29338499108950294,
        "2": 0.26449770910872356,
        "3": 0.27224987712171345
      },
      {
        "0": 2.0686906390719946,
        "1": 0.6383173220687443,
        "2": 0.49066115816434225,
        "3": 0.46034210754765403
      },
      {
        "0": 1.3120410131083595,
        "1": 0.3254759616321988,
        "2": 0.28532542520099213,
        "3": 0.2904729821615749
      },
      {
        "0": 2.2068063530657027,
        "1": 0.7821283320585887,
        "2": 0.5335900498761071,
        "3": 0.49319293962584604
      }
    ]
  },
  "exp4_stats": {
    "0": {
      "rho": -0.7057657282398281,
      "p": 0.0005073509759830035,
      "R2": 0.5318690362948602,
      "slope": -1.2764394710328848,
      "monotonic": false
    },
    "1": {
      "rho": -0.791078069016071,
      "p": 3.278937242327885e-05,
      "R2": 0.657398738085758,
      "slope": -0.6618054899374645,
      "monotonic": true
    },
    "2": {
      "rho": -0.791078069016071,
      "p": 3.278937242327885e-05,
      "R2": 0.6803528765387296,
      "slope": -0.3824095416665077,
      "monotonic": true
    },
    "3": {
      "rho": -0.7833224016727761,
      "p": 4.414783259181354e-05,
      "R2": 0.7017125946158692,
      "slope": -0.24970554050472044,
      "monotonic": true
    }
  },
  "exp5_causal": {
    "0.5": {
      "H": 1.1764757851566412,
      "gains": [
        0.0675,
        0.020000000000000018
      ],
      "mean": 0.04375000000000001
    },
    "0.75": {
      "H": 1.7594655990609078,
      "gains": [
        0.04749999999999999,
        0.0025000000000000022
      ],
      "mean": 0.024999999999999994
    },
    "1.0": {
      "H": 2.1494297728960583,
      "gains": [
        0.044999999999999984,
        0.012499999999999997
      ],
      "mean": 0.02874999999999999
    },
    "1.25": {
      "H": 2.397031672421192,
      "gains": [
        0.030000000000000013,
        0.0025000000000000022
      ],
      "mean": 0.016250000000000007
    },
    "1.5": {
      "H": 2.5564444354612537,
      "gains": [
        0.022499999999999992,
        0.012499999999999997
      ],
      "mean": 0.017499999999999995
    }
  },
  "exp5_stats": {
    "slope": -0.018424779925109096,
    "R2": 0.20400039999270853,
    "p": 0.19006823805307668,